time,distance,speed
0.43499224788259316,18.39,41.24432330909788
0.5149114132041012,18.39,36.11259444189189
0.4511858071857856,18.39,40.61108610456381
0.47791772994296294,18.39,38.39020162981851
0.4359941082427815,18.39,43.10866873427655
0.5112848383416266,18.39,36.282029443879495
0.4437415545834953,18.39,41.794178451628994
0.43055458266654417,18.39,43.713347188628276
0.4228296561955164,18.39,43.39797608306647
0.47935746464051393,18.39,38.69387463326414
0.49914824298335725,18.39,35.87705567120012
0.48539231449004455,18.39,36.819862963643764
0.4233725370381505,18.39,43.05402175958489
0.4241984536937865,18.39,41.57520495825479
0.4940192208686288,18.39,37.68013877673189
0.451116568556119,18.39,39.58730923857273
0.4788892249770521,18.39,37.40000955795191
0.4637319076363659,18.39,39.81538616144941
0.46512223630701194,18.39,39.292215574461814
0.48232281022919254,18.39,37.350456522398616
0.477886643183579,18.39,37.91076967636485
0.4240738321253353,18.39,43.72550519571216
0.39920916812772955,18.39,44.48148865207847
0.4710181658765031,18.39,37.77345708246081
0.41931231326972984,18.39,43.29672532590923
0.48790874886338875,18.39,38.07829962673285
0.4448008215412535,18.39,40.747359918720214
0.4805382606469282,18.39,37.27501473160836
0.46255173281933937,18.39,38.330946797739486
0.4396314848331444,18.39,42.12746259239111
0.44056165516578055,18.39,41.82675558303452
0.41758502919433255,18.39,43.256436561236754
0.4347645228850396,18.39,41.22954838072209
0.4301545350185915,18.39,41.728817578861324
0.48996930412175116,18.39,37.600087883509374
0.48283559264968456,18.39,37.66457158478618
0.4141190999631374,18.39,43.00635499230477
0.4631214521034392,18.39,38.64408932434743
0.4356530704662229,18.39,41.29250106878791
0.49924205468921284,18.39,37.178307519537185
0.4674412815922375,18.39,40.1124933585744
0.4172854860766476,18.39,42.95649658289438
0.4394051228966398,18.39,40.42420278103377
0.4493517940457518,18.39,41.226047432632804
0.44097467470943597,18.39,40.710312502077294
0.4249781452077886,18.39,43.504479409688464
0.42176897115355483,18.39,42.545321535271654
0.48472792253027247,18.39,37.257623967829275
0.43965766641677595,18.39,42.12968010204956
0.42902492829025957,18.39,42.804833149148
0.4672676514901309,18.39,39.9328088106992
0.45646965890666885,18.39,40.486058276720726
0.41333063222221456,18.39,42.95376936255908
0.4083994303417412,18.39,43.0969110340182
0.44019445601410895,18.39,40.79893870090885
0.5086082216503902,18.39,36.07999971286474
0.4922467825553778,18.39,36.78042938267863
0.4192722501601615,18.39,42.20070576758726
0.4202402682624144,18.39,44.10383141080287
0.49040448059394715,18.39,37.256476931658284
0.4980577410723906,18.39,37.596794991255855
0.4278270690245527,18.39,43.317066029806874
0.4195255031241073,18.39,42.60651006237308
0.46332405330654375,18.39,40.17002337768246
0.48858280209590876,18.39,37.69014685241495
0.5020819863201138,18.39,36.60669456761274
0.4994508148415087,18.39,37.44274626549657
0.5157051266767644,18.39,35.9102570163507
0.5024672995401919,18.39,36.12217633943154
0.43399091483754343,18.39,43.00002742986421
0.46944910092301645,18.39,37.60939954201771
0.48380404125190873,18.39,36.75070125214571
0.4659106032302832,18.39,39.7916850644486
0.48574594706201496,18.39,37.67527301682129
0.45202668816641145,18.39,41.26738352043254
0.5108589606383249,18.39,36.130022762425945
0.5064908333982721,18.39,36.8933934998708
0.5105254235278941,18.39,36.097791092857484
0.48731554639675034,18.39,38.24485606173395
0.4170724876579171,18.39,42.17351547962911
0.413245754539567,18.39,43.12776151015658
0.4649379274008325,18.39,40.227700555375584
0.48941711055502224,18.39,36.535846885696735
0.4820986143015887,18.39,36.666867431467146
0.461313841714043,18.39,38.986543915902864
0.46379857004302655,18.39,38.407298828048134
0.5021031284729798,18.39,37.11540943755923
0.43452167442303546,18.39,42.20381784529662
0.4246880396401938,18.39,43.564465345396655
0.4506449034190113,18.39,39.35463166452492
0.446037466142239,18.39,40.42593491241991
0.46870084095549425,18.39,39.7096779181051
0.4582336232984799,18.39,39.511140789383845
0.45402314213535866,18.39,39.274926809078316
0.4432450185036383,18.39,40.278693911986956
0.45600530727402416,18.39,39.82670712852341
0.4902297103996262,18.39,38.169340753093195
0.41370127482423175,18.39,43.02428007521454
0.438698720889197,18.39,41.31157980302021
0.4275101279523608,18.39,43.07405369924275
0.49574141141989386,18.39,36.636420122894975
0.4598207538856898,18.39,39.18422432594694
0.4843311551822461,18.39,38.1246545953698
0.4557932644893458,18.39,38.9206951725048
0.4451255133354308,18.39,41.844704782921916
0.4779108852847789,18.39,39.086929082257534
0.4805183139606304,18.39,38.01901339428056
0.4148848208676138,18.39,42.31184159688847
0.4768105308616117,18.39,38.25304691363377
0.4894899312192522,18.39,37.8132219736307
0.4157320736309699,18.39,43.856006692863595
0.4904780402389408,18.39,37.18875136398208
0.4241045603458574,18.39,43.21611398718297
0.40859330012862943,18.39,44.43000136408894
0.39473273768274975,18.39,44.6473083610002
0.5010335348699342,18.39,37.10723542990758
0.47883482331958716,18.39,36.88653788768951
0.42725979010009785,18.39,42.54033751250459
0.4646358881605802,18.39,38.289294941646965
0.41358275014763046,18.39,43.43663701503475
0.4900911070742079,18.39,36.67357759042575
0.44121336279864803,18.39,40.28566476958889
0.4814322642004396,18.39,37.88277523786772
0.47781233497210357,18.39,37.4794094341226
0.41763428011716625,18.39,42.3393258982074
0.42591245110738585,18.39,42.72141477666184
0.45895738984303197,18.39,40.582811025316765
0.44959732637301736,18.39,39.23441319827984
0.4774055829873058,18.39,39.04094769246803
0.4925250841138075,18.39,37.60444961845288
0.4701523428280132,18.39,39.41423037538508
0.4518777101948873,18.39,38.990854690415375
0.49015523937968764,18.39,36.21705271310851
0.46320973568547297,18.39,39.00319484649647
0.4373895442125464,18.39,41.006962528582136
0.4932782293319735,18.39,36.13887807594614
0.48846201462477684,18.39,37.3359758350963
0.45964827181182055,18.39,40.071500974679864
0.5105874853925007,18.39,36.30222489594859
0.4429882459682947,18.39,40.27540004902441
0.4398354214917544,18.39,41.470568013731786
0.41987875803964414,18.39,44.17374034451456
0.42088735309657727,18.39,42.13625957896248
0.45780402600607495,18.39,38.971686504638235
0.4627586562752654,18.39,39.90151086771672
0.4513069398663061,18.39,40.942256312734465
0.4394626819567576,18.39,40.10946481375388
0.48550171998647906,18.39,37.97292482470993
0.4388674370955433,18.39,42.3570905727301
0.4653172720713049,18.39,38.263990736553936
0.44315204986591755,18.39,40.12725953833838
0.4525465739349292,18.39,39.300356175864955
0.4940406870524129,18.39,36.833418252927885
0.4978850860082039,18.39,36.413744172366954
0.47325896702351883,18.39,37.61443009119267
0.46537757452996004,18.39,40.19488326096868
0.4616377715964538,18.39,40.08372350285121
0.4488516401422086,18.39,41.35682884587267
0.46828647795122064,18.39,38.148401033104086
0.4429988900992382,18.39,40.19354730727912
0.4944077571926889,18.39,36.62954892352665
0.4562726015551417,18.39,39.513899829266514
0.4224726118651229,18.39,41.71417844287095
0.48168769360701047,18.39,38.90160675400264
0.5051180348809324,18.39,36.8820027010806
0.45147950124764064,18.39,39.34188231166037
0.4708362634437957,18.39,39.54795865607502
0.5125660256264706,18.39,36.31990608561188
0.45526156126781814,18.39,39.001018064708624
0.45943854369071013,18.39,40.4966933548493
0.47356661196974276,18.39,37.41204910678467
0.4951767159429633,18.39,36.48734288040848
0.46282003694437757,18.39,40.56234270731988
0.4316027686452836,18.39,42.84502412601434
0.44324850987890985,18.39,40.00382675865346
0.42160533396697325,18.39,41.751761978049956
0.458227076052117,18.39,40.990070590121285
0.4253130204364879,18.39,44.278904153746794
0.44386755045737464,18.39,40.48598876089879
0.4397402284492166,18.39,42.14156411107202
0.42367049945377316,18.39,42.766243996942364
0.43188035909791445,18.39,42.909002251670394
0.5006685389482695,18.39,36.032138264922565
0.49763858160742275,18.39,35.823086694196576
0.4752973076811779,18.39,38.12354824528061
0.41627277134448987,18.39,43.35458280554698
0.422650929107267,18.39,44.555078813312534
0.47212429789093135,18.39,38.2101512603756
0.4876470281327017,18.39,36.49895588654096
0.47920844249708944,18.39,37.082464385948136
0.42055125463012677,18.39,43.681344164048184
0.46263833754695993,18.39,39.51577267044134
0.4915645623021585,18.39,36.03587763235688
0.45233770520265804,18.39,39.30584169304356
0.45173083302110834,18.39,40.64049904222368
0.4060614485339117,18.39,44.21529599078568
0.4882338370027085,18.39,36.646317590326206
0.46406016889264634,18.39,40.07502074353628
0.4246910194781044,18.39,42.61823327968064
0.40231456672512705,18.39,44.633200141850814
0.4960072830272288,18.39,37.800526917621106
0.4347795333377477,18.39,43.270232235049804
0.4502173757369118,18.39,40.447385832396705
0.40133316175937905,18.39,44.674369259356865
0.4354370371097106,18.39,41.72367239555716
0.4587909382196629,18.39,40.75628867427995
0.40603853124850686,18.39,43.51221254452493
0.43690777487784155,18.39,40.60594435282987
0.4985354932157464,18.39,35.983429179462384
0.4830223789615626,18.39,37.07409395475884
0.439588073234822,18.39,42.311132401488514
0.4314785760744739,18.39,41.11371084547858
0.5130249114448918,18.39,36.37485602555849
0.5056271078047894,18.39,36.87593500736831
0.49046562922757897,18.39,36.682938806446344
0.4320011345411235,18.39,41.61545920346004
0.41125094841274623,18.39,43.16800890120629
0.4105258944312445,18.39,43.399745799605434
0.45471399430450293,18.39,39.503364827590865
0.40926036335051197,18.39,44.04878237972367
0.46557599557746177,18.39,37.91581716744743
0.45744261970438105,18.39,39.8701609431267
0.4305814426523864,18.39,42.746691889855356
0.4710632959155043,18.39,38.38325889483819
0.43105591297996576,18.39,43.133503401172625
0.41758079077228805,18.39,42.5604022821423
0.503378705143336,18.39,36.84191318414658
0.4157871608473565,18.39,44.44658764898855
0.4489237825846767,18.39,40.63613905885184
0.4677459137955267,18.39,37.809133440196355
0.4501177860575769,18.39,40.49763157280022
0.49449100577599964,18.39,36.5384270963651
0.49433403797594816,18.39,36.977813037295284
0.48824301567779765,18.39,36.67616445392359
0.45762394303739873,18.39,40.074445674369585
0.4912407199101432,18.39,36.549826382032634
0.44714698040068873,18.39,40.944556448419064
0.4795287087644061,18.39,38.50481410454878
0.47518236594236896,18.39,38.94827526333392
0.49503673201222814,18.39,37.671669973799105
0.42755776409912705,18.39,42.270494428074365
0.4417299060729222,18.39,41.50383094306255
0.47707862785618627,18.39,37.13931878776728
0.42758607690101297,18.39,43.23304199593546
0.4426612153867136,18.39,41.41752472534632
0.4603987754732578,18.39,40.60509384387372
0.4135558287664762,18.39,44.015877447603174
0.43201371087705065,18.39,41.45299826264413
0.49056928667578054,18.39,37.62975726149103
0.4564589363544132,18.39,40.75805329880713
0.4476135057902044,18.39,39.97382239069974
0.4753040036512127,18.39,39.43204448722182
0.45600648907433095,18.39,40.85120567074666
0.48555991848687474,18.39,37.81006030223353
0.4734030117503376,18.39,39.39935600517715
0.4183727076371962,18.39,43.943231240625536
0.48595333605361013,18.39,38.48231268548304
0.40662992536703685,18.39,44.580650423323185
0.455538252234902,18.39,40.725978655399004
0.4843077144350364,18.39,38.569661797467674
0.40712504219575324,18.39,43.29110614715318
0.49251827679965254,18.39,36.24039989143727
0.4472341863011306,18.39,40.390496229434085
0.4199237831905059,18.39,43.189221587662445
0.4507635133339439,18.39,40.63609830071335
0.40734637486664366,18.39,44.28785637318687
0.5110892211052462,18.39,36.02601740978307
0.4664400237102747,18.39,38.85099501509687
0.4770456832426615,18.39,38.48012767150392
0.42317102641941856,18.39,44.150511537156525
0.4401751598292991,18.39,41.93677323858097
0.4238073540453436,18.39,42.043796283180335
0.4559305778259176,18.39,40.13330114052473
0.4102539394067004,18.39,44.49493197624245
0.40389759222605065,18.39,44.4805024914362
0.4082276744114704,18.39,44.15226335521966
0.4297788948312158,18.39,42.63496659234446
0.49078499356154026,18.39,37.11017603887709
0.4577356564370183,18.39,40.065340466133165
0.508385174772091,18.39,36.48000728939268
0.44721213483310135,18.39,40.69687315082079
0.4670409784566618,18.39,39.74706107941692
0.4468361194590065,18.39,42.05815808673703
0.4435692868650645,18.39,40.15943683729684
0.4924456768248615,18.39,36.0187412357487
0.46164663673106593,18.39,40.364613659468134
0.4600092418078136,18.39,39.21765476195427
0.4492085497238813,18.39,40.69342936867018
0.5089868788026879,18.39,36.13316212350502
0.40829192534457903,18.39,43.15550645856996
0.5103640899751419,18.39,36.580596453463635
0.45918238623875923,18.39,39.39150577697865
0.4115598640364982,18.39,44.11661160256639
0.5014153770871472,18.39,36.507608729809014
0.43288784755141285,18.39,42.17357048546419
0.46770568919001104,18.39,38.50196508698435
0.42175523960971606,18.39,44.66085929883304
0.4765535671813066,18.39,37.767201371628246
0.41945857251777663,18.39,43.88706719468173
0.42965025412641356,18.39,41.7367767070199
0.40323742550384734,18.39,43.69079947572824
0.4255070042783289,18.39,42.661958645972106
0.501887692512729,18.39,36.023341568946414
0.49723239186660767,18.39,36.555854149120634
0.4527668900818973,18.39,40.64170986025957
0.4781598920708017,18.39,38.951906173831105
0.45922544943409166,18.39,40.62900369684255
0.49127061554316676,18.39,37.367367092500075
0.4337714455224011,18.39,42.3771465454557
0.4613243968451367,18.39,38.29236561738056
0.43840540552451523,18.39,41.706619220875154
0.4823840456715804,18.39,37.34193990766398
0.49243743595937933,18.39,37.03150894337277
0.49352880009321076,18.39,37.53415890727501
0.45597581106287716,18.39,40.3481624894103
0.4750209862644435,18.39,38.82576701007295
0.4758310186004352,18.39,38.70372693652782
0.48270389578035694,18.39,38.685686884570956
0.48213520084324085,18.39,38.40863916048853
0.45915237432906264,18.39,39.12223373300025
0.4661409522740625,18.39,39.454579938997824
0.4561448920615245,18.39,39.06539144943747
0.4140469975335953,18.39,43.25393630162312
0.4813937274019355,18.39,37.0893849877172
0.4183415400670613,18.39,43.58389605315325
0.47029428244244803,18.39,37.690219296219205
0.4431143916224942,18.39,42.07143888552795
0.4186084948430691,18.39,43.872579735949934
0.48297534912523027,18.39,38.19558418329831
0.4956671612269075,18.39,37.53198514756799
0.4987742262295258,18.39,35.97274084708276
0.49038373984456973,18.39,36.71720754740966
0.4601693495695455,18.39,40.70680810944868
0.4084358792691925,18.39,44.43839933243842
0.4163081764031622,18.39,42.499759688604286
0.4273529265198186,18.39,42.59794471516884
0.40379468113587513,18.39,44.65458393373711
0.46947469659301494,18.39,38.873886590659275
0.4153085245246355,18.39,44.197393254668086
0.500216431014902,18.39,37.32079977830296
0.5100753793499314,18.39,36.28165310650027
0.44592703457006166,18.39,40.80392937547194
0.4163035424998616,18.39,43.28793742021238
0.46745586616456886,18.39,40.02501194238643
0.46845832272795834,18.39,38.22180394824331
0.4133364725728737,18.39,42.96634807194317
0.454595762958477,18.39,40.69031851518945
0.3965535615614304,18.39,44.505486183655265
0.4739263837037537,18.39,38.29897624989075
0.46754072253137374,18.39,39.67927204907423
0.44553302446354587,18.39,40.095896024157625
0.421471449025965,18.39,41.84924606134713
0.46421786785242647,18.39,40.30011302373808
0.43133800358799806,18.39,42.75824197267391
0.44167627924608427,18.39,40.92853672073339
0.47563517389460663,18.39,39.19295486349656
0.42713658537224025,18.39,42.850320691315815
0.40444210858115537,18.39,43.48264855031484
0.506538055154955,18.39,35.83203994738287
0.4267386101988512,18.39,41.8674719158779
0.4798452843608157,18.39,38.21774371479437
0.40830688654531605,18.39,44.18837519369713
0.4121076894822267,18.39,43.8205012009569
0.43746827695520624,18.39,42.00927773449981
0.4756487437721933,18.39,37.89491306805352
0.4259840316869901,18.39,42.92909969094929
0.426551595873791,18.39,41.9003028541172
0.4093780848466845,18.39,43.37105142782758
0.5076662544760913,18.39,36.63159195722253
0.4379555085636781,18.39,40.512470061494064
0.4843264005780501,18.39,37.308437585106695
0.4431750456064968,18.39,40.382460643055346
0.4736381793148001,18.39,39.63357195534518
0.4557196052841409,18.39,39.70118446906954
0.4946676533761393,18.39,37.24082878229752
0.42208234720867027,18.39,42.03927962940424
0.4912005394215729,18.39,37.13437611479114
0.49125859927909066,18.39,36.43494992917692
0.4918872338177678,18.39,36.20297272531633
0.4396777916442708,18.39,40.99660381966749
0.47794778661931314,18.39,38.97464618623926
0.5112219316670041,18.39,36.620608017354726
0.4482992322383692,18.39,40.21686473007012
0.4995252986261171,18.39,36.19519602980487
0.4119728180252614,18.39,44.11626065516629
0.4449231217161582,18.39,39.973840968919504
0.46544222464300306,18.39,38.56177310236259
0.4883372198505517,18.39,36.44781806493122
0.45451976766789315,18.39,39.7630708016799
0.42776729384416884,18.39,42.24924001812638
0.426938471905873,18.39,42.83270418048572
0.4196138803285255,18.39,42.47267116304811
0.41768043674932326,18.39,43.29618846185174
0.4902583027786021,18.39,36.2472237364266
0.43814876553139304,18.39,42.57546827983057
0.42235916279797514,18.39,43.46876138968635
0.442272978565458,18.39,41.74269103996995
0.4748855308901403,18.39,38.53372812903229
0.4298601543182121,18.39,42.65447337894385
0.4029326813543728,18.39,44.47157429241232
0.4255333175647012,18.39,42.1568039038274
0.42053119358753377,18.39,44.64058742151776
0.4179096828948795,18.39,44.62531129280474
0.4864906960576922,18.39,37.86069181901196
0.4559653594768228,18.39,40.711427214290396
0.4229037194482209,18.39,43.98511446339881
0.5137724278063776,18.39,36.11643510306896
0.4930993029209001,18.39,37.21709768323528
0.4742449271163488,18.39,37.529145251698836
0.4255975492494366,18.39,42.68744384106197
0.4625711785777163,18.39,38.11117166380704
0.47568305661410776,18.39,38.032448081410465
0.4882144727144913,18.39,37.566082573808075
0.49419529502574705,18.39,37.35465887175103
0.45118460218502743,18.39,40.81041410245513
0.48704839253717386,18.39,36.28790968340031
0.4111677914406103,18.39,44.173904836318144
0.4198607379710478,18.39,42.556679575615995
0.488226237707319,18.39,37.36945139719227
0.5052829250648894,18.39,36.07286906114015
0.4650558013489158,18.39,39.27040807853098
0.4000618270570887,18.39,44.03526557307082
0.4904948699426841,18.39,36.83446342387832
0.4081379494832082,18.39,43.04390556814249
0.47264256513473135,18.39,38.12680427575614
0.4865326503942278,18.39,37.51717422549166
0.4666454682959324,18.39,39.44879150955336
0.5141324615650158,18.39,35.88706873572902
0.45269002406251735,18.39,41.06949972368613
0.46428350586440426,18.39,38.3253606608182
0.4064109616582673,18.39,44.68467162868216
0.42126689623526037,18.39,43.66579712999099
0.423489988689335,18.39,43.410155015533576
0.44636149162627,18.39,40.6790796696365
0.459837919485287,18.39,39.55789185643207
0.4476747178649608,18.39,41.85930420940794
0.4463375977296327,18.39,40.59745837597366
0.47981770367505383,18.39,38.619790468670985
0.4478701173923541,18.39,40.2451420248121
0.4629116888481533,18.39,38.4721245146898
0.4924171922145486,18.39,37.052436342596756
0.4547585151107309,18.39,41.285467988145996
0.42133745444953874,18.39,41.85326076040856
0.506997038985695,18.39,36.16491003707797
0.45072656222833535,18.39,39.62504924680825
0.44244610380086713,18.39,42.008047385456884
0.491119515827898,18.39,36.219602912346176
0.4868400877783291,18.39,37.55813194355646
0.4122411270355585,18.39,43.65561853404503
0.4767315428182044,18.39,37.376647648134906
0.4365281494252288,18.39,41.68561420727366
0.4501064683746847,18.39,41.75472458036452
0.4115582519614748,18.39,44.06423981856599
0.4161736184755588,18.39,43.019593117237456
0.4850516981736266,18.39,37.139898153892744
0.48176543891635953,18.39,37.659888798946874
0.486667952415682,18.39,37.21550816367089
0.4723480992722127,18.39,38.40909887936258
0.48277926137209415,18.39,37.56912518573196
0.4343982979606236,18.39,41.22647801506289
0.4741016199304039,18.39,37.520612392145054
0.5067275810097585,18.39,35.94244360046094
0.5081183579922636,18.39,36.67838171144222
0.41953120176514974,18.39,44.28402505449471
0.4972547145376694,18.39,37.58850325598079
0.43476046876762564,18.39,42.45002895190546
0.4919705073551939,18.39,37.8808394696398
0.41427864005522297,18.39,44.14166627007789
0.43411997538669445,18.39,41.10820982111315
0.4620677173609722,18.39,39.97035667380424
0.4949613340748476,18.39,37.51103733655204
0.4965716527276195,18.39,37.26427719071896
0.49064083395944513,18.39,38.06556552618836
0.4038770939335496,18.39,44.45262689975417
0.43124774547872524,18.39,41.49554366556058
0.4693969350918211,18.39,38.49786757423618
0.46433891692605284,18.39,38.53533949365466
0.44095050524848073,18.39,42.454288229467046
0.4607498609013415,18.39,39.699029872321155
0.5130202048704677,18.39,36.06558069570273
0.40328067153686564,18.39,43.81354527531024
0.4717364899936099,18.39,37.47947176815084
0.48625182264936007,18.39,36.972098155923526
0.4537266989203938,18.39,40.68516512994129
0.5123806673808003,18.39,36.542702979407466
0.42599934447302373,18.39,42.801231255640474
0.4658615619523781,18.39,38.25464346047008
0.4601372420627798,18.39,39.8118584150115
0.4371659921691009,18.39,41.684525140970464
0.5072023285373998,18.39,35.97048950587329
0.4193441546064996,18.39,41.971014926892714
0.4303564232715586,18.39,43.26713990137491
0.433947033695727,18.39,41.60861685623379
0.4111953915254928,18.39,42.66312278870374
0.40587618994524527,18.39,43.87432787733297
0.5056774555523466,18.39,35.83193787505681
0.5055673219346364,18.39,36.939415711251044
0.4984086292318836,18.39,36.95075634461273
0.47636787125501034,18.39,39.024490151752396
0.44717502624957384,18.39,40.47269115062934
0.40061417485944234,18.39,44.54970473384641
0.4631885898064825,18.39,39.36928199691315
0.46887887279312135,18.39,39.98548879316242
0.4660365249769797,18.39,39.892618858656014
0.454222022792073,18.39,39.70054884416284
0.46962692812196855,18.39,39.22969176598484
0.4417866890576122,18.39,42.263896859913785
0.5096583583678821,18.39,35.908639305429276
0.4685915923537169,18.39,37.945980126534444
0.4900734944988882,18.39,37.662094705699644
0.40760299571183867,18.39,43.699153323342905
0.42239375852339917,18.39,42.35407952607629
0.508051825011125,18.39,36.48102582177006
0.4299112877541698,18.39,43.13867104423611
0.49247545437153856,18.39,37.41246659738459
0.3996820072743572,18.39,44.06455360745323
0.4425963737321517,18.39,40.64961534571845
0.5135603858688694,18.39,36.46935739925831
0.4899472056538477,18.39,37.473238365666376
0.5038076445011436,18.39,36.963915232095495
0.4328474802554332,18.39,43.34807531961924
0.4902521833668563,18.39,36.53190894608138
0.4790153747898026,18.39,37.953938374199545
0.43641757213162446,18.39,41.22491133493818
0.466306422364115,18.39,39.07519722516519
0.4359757642022622,18.39,41.17202630819877
0.48418841069159607,18.39,38.749873771824554
0.47136075881159234,18.39,37.78343636810321
0.4737832174181341,18.39,38.76480284543337
0.45573581634723753,18.39,38.88145187457268
0.42762145609224844,18.39,42.74348922476691
0.48702856457013377,18.39,36.27768838320461
0.4620955294912105,18.39,38.599671122965574
0.4673093973291499,18.39,39.22902296299001
0.4400704530406908,18.39,40.195373790713305
0.46333910069612805,18.39,39.858001272189284
0.3928335083868214,18.39,44.59549915743343
0.4244445781555856,18.39,42.65074931164148
0.4621337328756618,18.39,39.722851037968866
0.4399580005474658,18.39,42.55240426345832
0.47504042254103584,18.39,38.09793683750343
0.44966444793662136,18.39,39.86578559264392
0.47659302869235615,18.39,38.570246076922444
0.49260359434248335,18.39,38.02947021728959
0.4962129404370097,18.39,36.04408343823832
0.4615769642396286,18.39,38.32198343996432
0.4974820401885485,18.39,36.310250796715415
0.4093065525639812,18.39,43.79373883984792
0.4767826657698074,18.39,39.215136727143076
0.44205811450006105,18.39,42.18380758017896
0.5014134800691165,18.39,36.69736833689458
0.4711597838887581,18.39,37.52843690300902
0.4092677134721241,18.39,42.904655782233284
0.4760065861404445,18.39,38.34165748078534
0.4179765252225579,18.39,43.0873567405164
0.4935734087037253,18.39,37.54972920766851
0.41229910774734163,18.39,44.09460017751781
0.44176686727150727,18.39,40.1587123847056
0.49245924200818353,18.39,36.52645925496018
0.44572174212546295,18.39,42.02583499357357
0.5222559576558965,18.39,35.839543445480125
0.49186282824500754,18.39,37.87612569408188
0.4094996022334197,18.39,43.36095029721225
0.4417608840437968,18.39,42.293698321013146
0.4959217343150804,18.39,36.41869057452007
0.4187897699059965,18.39,42.520471009754345
0.416278645660719,18.39,42.83716755284505
0.43146128237552595,18.39,43.49872609997545
0.4223039589203671,18.39,43.55172065101563
0.45573861952418104,18.39,40.065066812777665
0.41947806789399134,18.39,42.30091610649075
0.405596287667892,18.39,44.31173366956836
0.42770103955416006,18.39,43.19680479946882
0.3950080950965681,18.39,44.699417008765714
0.46550895499791467,18.39,40.28280064499404
0.46721724191586717,18.39,39.71538094073914
0.42445329220513517,18.39,42.44833388521568
0.45055557020776826,18.39,40.544971027760745
0.44595154568682693,18.39,40.2396604229997
0.4626477978954141,18.39,38.291089824193044
0.41708943617125416,18.39,42.39800056675221
0.49570782337001096,18.39,36.96603708666328
0.4457695891286356,18.39,40.82758394479962
0.4569530269899775,18.39,38.8585903675285
0.44351586582681896,18.39,41.77349903229432
0.4870724951684577,18.39,38.48524227135984
0.4634523803775367,18.39,38.82167037528102
0.4537617123667662,18.39,38.9030252103295
0.4868057060425416,18.39,38.43630275727718
0.492658188970772,18.39,36.13428450731338
0.47274198626379593,18.39,38.96666163853119
0.4346405010277875,18.39,40.47112627419633
0.4925336090368462,18.39,36.44854487183474
0.4154363904503336,18.39,43.94910757374049
0.45076043543855826,18.39,40.32245552488189
0.424104806558934,18.39,44.40082448260847
0.46313162305996064,18.39,40.27635506320154
0.4400525155622719,18.39,40.0810292166406
0.4319852716362814,18.39,41.38323278363216
0.45245159336885943,18.39,40.65108339914903
0.43041928238051685,18.39,43.29773929847659
0.47858239905658034,18.39,37.205027047399476
0.44278771660278465,18.39,41.10186579806541
0.4824733805908886,18.39,37.588087939127604
0.46670051553616754,18.39,38.40263854069567
0.470684004419469,18.39,39.11207085525059
0.47900070750113316,18.39,37.267426305667804
0.4346259894784852,18.39,40.712851442962446
0.45116600355885916,18.39,41.54874880147776
0.5015817209806703,18.39,36.50301066711764
0.48322429027381897,18.39,38.52052416704907
0.5089055533926555,18.39,36.2806789817569
0.5061507908682034,18.39,36.05652133991648
0.4377246503836825,18.39,42.33605986653662
0.5015365183658889,18.39,36.828140568952755
0.43493830793934857,18.39,41.99208332899488
0.46982211648479877,18.39,37.79399959863137
0.45677135562439425,18.39,39.98925093860578
0.42156096713246577,18.39,42.79616310646629
0.4994139330659959,18.39,36.790176073777744
0.4310159927916637,18.39,42.40771746379601
0.435429098979346,18.39,42.061529906002825
0.4924438056998065,18.39,38.09852227714916
0.40033422816377623,18.39,44.55992624765351
0.46969131406776893,18.39,38.40652806508852
0.44858684076508243,18.39,39.9659921189408
0.4797757065617491,18.39,38.016571620752266
0.4733594301552864,18.39,39.47312669826114
0.4815643760651979,18.39,38.51127887982551
0.4947502855003747,18.39,36.992220392514376
0.5087937243899953,18.39,35.94814218992769
0.47422335423325024,18.39,38.520380978211634
0.4695777842297796,18.39,39.92319123015617
0.506699007234036,18.39,36.02317320304439
0.4192795465429615,18.39,42.85881162819937
0.45035544612857525,18.39,39.37975062964099
0.42839625235421847,18.39,42.567121357047355
0.4177712284902546,18.39,44.677659344902125
0.4212451448486426,18.39,44.40964863133987
0.47715976552332556,18.39,39.159153003443755
0.49693902396976564,18.39,37.164836468335054
0.42947817171357155,18.39,42.247558290455395
0.4911138923490827,18.39,37.7287092861417
0.4642523043402306,18.39,38.277383084436096
0.4438968695164119,18.39,40.090814547586255
0.41940631501912695,18.39,42.093718881083205
0.45561699131914596,18.39,40.662145743856385
0.5211210580401578,18.39,35.873826476859286
0.49279035594715836,18.39,37.409481308852456
0.4529566195929479,18.39,39.69863970217377
0.4457150098276821,18.39,41.47647805545426
0.479716894009365,18.39,37.415655919679224
0.41772026847355903,18.39,43.75955829324426
0.41842122881139354,18.39,42.67534858341958
0.42330615225319274,18.39,42.26911842777723
0.4244480633503441,18.39,42.18672095727297
0.40614133732658997,18.39,43.48204730329683
0.48882130352152225,18.39,36.28041367603889
0.43609072992883013,18.39,42.91917546163549
0.42986570290756293,18.39,41.18923964615808
0.4167928500812174,18.39,42.318122826222066
0.46544769316004203,18.39,38.063519336688415
0.494415932218208,18.39,36.443555908568754
0.487155896232907,18.39,38.48312021653955
0.42193173499920406,18.39,44.357533156185234
0.42060024277715014,18.39,43.2024852343719
0.49604201538057746,18.39,36.41671849228525
0.4986599942043509,18.39,36.79566299862295
0.4395325840968245,18.39,42.28042181106605
0.49124440174365924,18.39,37.07147029907424
0.40681658693504485,18.39,43.93300168568314
0.40574340137078135,18.39,44.49972043760186
0.468479808470949,18.39,38.41402586986279
0.5049175448647011,18.39,35.906837872735885
0.49452431595636703,18.39,36.508238477814444
0.4339634900730486,18.39,40.54529680649249
0.40664275372269554,18.39,43.20136790518963
0.43429392041783715,18.39,42.07314138362585
0.5135551372225853,18.39,36.30111579452934
0.4622289139531315,18.39,40.35420909969611
0.4667816089509089,18.39,38.27064186074271
0.4890044338692655,18.39,38.33842697713981
0.4735166042506217,18.39,38.48439992084674
0.4380265915026947,18.39,41.583913361296666
0.428778926860244,18.39,41.395760718086635
0.42970239673082433,18.39,43.33283628764001
0.4446746011276311,18.39,42.22044074672616
0.4545802530420255,18.39,39.55571575910934
0.5094022627104704,18.39,36.50086921275717
0.4339225478783987,18.39,40.574799290078836
0.47911114536244,18.39,37.403125479580225
0.4288816601638675,18.39,43.59821619200293
0.47894396348095586,18.39,37.92879160594641
0.45100576332072884,18.39,40.79701215167443
0.41912906731393834,18.39,44.445327079085
0.5211938023518824,18.39,35.8149814948518
0.4327970933026842,18.39,41.735533198219855
0.5195997363794458,18.39,35.98616390153969
0.4123770524884058,18.39,44.541779743015766
0.4449097009833438,18.39,40.52055676204729
0.450758056367334,18.39,41.12486595226631
0.42893576178666193,18.39,42.287007422029696
0.41199483406219195,18.39,43.32524847164108
0.4148996937704549,18.39,42.578370871119105
0.503263596870418,18.39,36.02015781657403
0.45574442709852225,18.39,40.052015264836704
0.40913697290367185,18.39,43.70179969040642
0.4831064985996345,18.39,36.77403428244266
0.4844363498939069,18.39,37.85794131402952
0.41096691457792234,18.39,43.55368524333126
0.5017049474118783,18.39,37.37284746665174
0.44606064333462886,18.39,40.449214435472264
0.4708168818700438,18.39,37.472145920987266
0.44070986773904564,18.39,41.51569217613365
0.49004234496119115,18.39,37.339131858222046
0.4276794612211482,18.39,41.59321728533828
0.5078707742878054,18.39,36.51201853329304
0.4761326292494492,18.39,38.945972054203295
0.4764220624720116,18.39,38.61192477775713
0.49238230612316825,18.39,36.4794367635054
0.5098304647215095,18.39,36.5312779151295
0.46329223811725195,18.39,38.76068570372019
0.4066002001932863,18.39,44.49385066751134
0.4438793754502632,18.39,41.28967697587072
0.39816139389200855,18.39,44.662047989304
0.486183414393056,18.39,36.890800019600874
0.5028503278378035,18.39,36.405362792209615
0.47972416804580426,18.39,38.33177449558065
0.45529432974034495,18.39,39.97968919589617
0.4848468658211534,18.39,36.46865489140972
0.4294401140410799,18.39,43.8264080680162
0.49169578972873274,18.39,37.28773935169765
0.4101279765551252,18.39,43.54374146334343
0.46891683733125444,18.39,39.583313967219325
0.44752000866308295,18.39,39.41170806558737
0.4439586034247199,18.39,40.52465067322076
0.49886335111700897,18.39,36.855668268765285
0.45310580205841156,18.39,39.832338083707334
0.4690009426048523,18.39,39.85414229489439
0.47011397124401133,18.39,39.355404046186706
0.4963033913321794,18.39,36.624712109041496
0.47044879911858567,18.39,39.414488785620655
0.4959422623389729,18.39,36.976056039856715
0.49979609237546757,18.39,37.47204187107474
0.513252855754276,18.39,36.15222853508008
0.4710771819761842,18.39,38.66881646954627
0.4315822386516108,18.39,41.9709144540414
0.4196674315672453,18.39,44.372703248736904
0.47840084870706157,18.39,38.78516369645746
0.44322701325546676,18.39,40.191797848895746
0.4638071350693985,18.39,40.49220005740529
0.415505403876434,18.39,42.92437270326995
0.46262436837142856,18.39,38.37281909318735
0.4523306494364738,18.39,39.06473574553701
0.4402335628828093,18.39,40.649007201513044
0.46008208457883903,18.39,39.59170105157262
0.42832750997781094,18.39,42.130646584188
0.46040168213630067,18.39,38.75045475598733
0.4362286323038002,18.39,42.26555178331927
0.4495114812085562,18.39,40.836933920100826
0.4447175914700926,18.39,39.66306981526548
0.4323854031286998,18.39,43.234221618662225
0.46297914118257183,18.39,39.58520167841242
0.42861158218575923,18.39,43.480184271442866
0.4182079689141213,18.39,44.23324127843638
0.5176214568662942,18.39,35.83184739358304
0.4610130596154559,18.39,39.118435886093096
0.4436452467322678,18.39,39.924687608380175
0.4227215830037906,18.39,44.15106291367317
0.47585982251583037,18.39,39.06446345368102
0.47024401627836737,18.39,39.64453555478358
0.4445458141791442,18.39,40.99048486575565
0.4624429395784625,18.39,38.41623014652808
0.43710721239354683,18.39,40.81585467233608
0.492915521600785,18.39,36.1597395958609
0.49160100382931465,18.39,36.40400015246893
0.4698541332316447,18.39,39.375102700209325
0.5053022282912241,18.39,37.11446430307521
0.46558027181247724,18.39,38.779028364008
0.42497833688833825,18.39,42.17804764163375
0.48127989227318235,18.39,38.953495632536224
0.46843607139618926,18.39,37.99664676630504
0.4899946615739644,18.39,38.07271847131315
0.43328576419258125,18.39,43.059470107955605
0.46151001448800577,18.39,38.31486122850877
0.40131490273061776,18.39,43.82821602808424
0.47024558306488057,18.39,39.61707783198622
0.4496588906013151,18.39,39.86875604975649
0.47597578230652626,18.39,37.670896148670394
0.44158130003302826,18.39,42.57989848575792
0.4693998968266975,18.39,37.974376858320596
0.4815992041350049,18.39,37.934926348011686
0.4605155594032787,18.39,38.43799136216513
0.4708658264641608,18.39,37.87869027343408
0.4730103206420201,18.39,39.57859072021303
0.5140001443896673,18.39,35.883606594563744
0.48032187938417004,18.39,37.573226209752114
0.42790370015706664,18.39,42.30981267743117
0.5086487404340104,18.39,36.345193844519024
0.49601641748340375,18.39,37.127638408843346
0.48598200450016266,18.39,36.65974394392559
0.43818471208175763,18.39,41.07064559490324
0.44546929170606436,18.39,40.59342751902699
0.40159411585744853,18.39,44.315699572175376
0.4131529998892973,18.39,43.2572198788418
0.41283870348327006,18.39,43.805063076566725
0.41272827373706084,18.39,44.627326576449214
0.46558962857239194,18.39,39.75190680527361
0.4212145762051352,18.39,43.341470853862965
0.4002163390972451,18.39,43.927160148702875
0.4579598450007709,18.39,38.950793317771975
0.4892715969844465,18.39,36.71160782239857
0.46340145198156096,18.39,38.60007269449784
0.5025269188275426,18.39,36.47464621495571
0.5164737891625872,18.39,35.92397808095512
0.49249945244820004,18.39,37.583992583621274
0.41628874560579276,18.39,43.58452098913635
0.4629528203172832,18.39,38.67234613672107
0.44678186333974595,18.39,40.31223339090583
0.47439037741018364,18.39,39.254312299085754
0.4033606699971038,18.39,43.906023883199154
0.49131433220701626,18.39,36.76797900515228
0.4129143358354531,18.39,44.633390851401714
0.44941368405724863,18.39,41.5360844797597
0.4189658098435391,18.39,41.95870049592578
0.4424265439596984,18.39,41.14033158068997
0.4414602777156134,18.39,39.93168984379063
0.4155940833879099,18.39,43.56455544718674
0.4559548401888403,18.39,40.370179107271845
0.42695006803976654,18.39,41.1832892783805
0.4199303054231665,18.39,44.04544111076165
0.4640740340843557,18.39,38.41821051732328
0.48857031513718485,18.39,38.36797575719241
0.4550993311936959,18.39,39.271384766378986
0.45656301559467505,18.39,40.19870027173466
0.44471877381531255,18.39,42.07370836386791
0.4177464154507134,18.39,42.67241479590656
0.45699857379970876,18.39,40.27652833101627
0.4059018826759344,18.39,44.126370177641355
0.4313133443318033,18.39,43.18693141986857
0.40937830348555526,18.39,43.97515904917296
0.4201624667575893,18.39,44.24235788071016
0.4135388627052581,18.39,42.52793436602645
0.4338901802548571,18.39,42.868319458458764
0.4615495652248628,18.39,40.184447301663106
0.4347803089055387,18.39,41.05145908902401
0.45393234436073204,18.39,40.35273234235842
0.40437906988284894,18.39,43.48187351041138
0.4975099666460819,18.39,36.90119453582792
0.41693969714266005,18.39,42.74273818702815
0.40365857066208133,18.39,43.982580302900544
0.49727102491926956,18.39,37.18404553172702
0.39885718206689813,18.39,44.01027871670724
0.4715846913357075,18.39,38.52900904195863
0.4712286833592122,18.39,38.796736201095236
0.5068665551622544,18.39,36.72207938886276
0.41664482349932186,18.39,44.256175400854545
0.4253031966729169,18.39,44.21881216815541
0.4322726585695656,18.39,42.738409064331826
0.5111824755431366,18.39,36.568050208909
0.44925349373869766,18.39,39.57461826337816
0.500216683554609,18.39,36.54315909808291
0.451213212940863,18.39,40.79948636736974
0.47146625368211326,18.39,38.011116204875336
0.513454531956035,18.39,36.436582719825104
0.4801907777856134,18.39,38.70132013488796
0.45289201176616734,18.39,39.868707230314875
0.5020166496492139,18.39,36.98293095218207
0.4981502218694006,18.39,37.11149055826588
0.4222245682967214,18.39,41.65716520981502
0.4194787984662116,18.39,43.82658834217224
0.4888004126027451,18.39,37.121998527620455
0.4280254403641923,18.39,42.747146304979694
0.4838332871566534,18.39,38.783011002580466
0.47637698480573076,18.39,39.2902564131756
0.49189559485399903,18.39,36.462168016942265
0.45730388968541796,18.39,39.770185265520865
0.46928970898246364,18.39,39.78764552136918
0.42715439258939686,18.39,43.370839552915065
0.49261681435222066,18.39,37.25426560760918
0.4281899964145106,18.39,42.9187698191527
0.41904876577293476,18.39,42.833750341152154
0.429910088753331,18.39,41.59981078546332
0.4348400866511059,18.39,41.21581245128549
0.45100885752841835,18.39,41.679510389138905
0.48241410236456866,18.39,38.57018443920241
0.4220279598696584,18.39,43.97930879170557
0.3992118365075096,18.39,44.15861553142691
0.5060921788203419,18.39,36.85973904534799
0.41739407602595596,18.39,42.5962680500592
0.48356588640898107,18.39,37.969744811043824
0.421907898368591,18.39,43.09580326567005
0.49070335526231773,18.39,37.10548660011788
0.4356839875853159,18.39,41.11480787299941
0.40843110884515693,18.39,44.19565460518284
0.44675743105174853,18.39,40.167851163889814
0.4711940777594061,18.39,38.15261682584377
0.4691036878574135,18.39,39.21547149425254
0.4616010612289463,18.39,39.462863417800605
0.4609784541646653,18.39,39.86892577222398
0.45045749098272864,18.39,39.714912859725075
0.4891086816107146,18.39,38.14696601949576
0.4352168527201032,18.39,42.13978805192867
0.47479129383252977,18.39,38.62137066986873
0.42378135487300067,18.39,42.74155468266706
0.4526252763200162,18.39,39.41328216060571
0.48794230700189367,18.39,37.983266547929084
0.4860121866118144,18.39,37.6951425658066
0.4750531792133478,18.39,39.229798487563954
0.4931878754029252,18.39,35.85451899154156
0.5097912900348892,18.39,36.1138972443672
0.41716305671481596,18.39,44.19427302041439
0.41547170436593245,18.39,44.283622240323226
0.42289868243391915,18.39,41.83920648188636
0.42990332748844423,18.39,43.69366455882095
0.4428153328323124,18.39,42.37210112968833
0.40605365706679136,18.39,43.799095074661714
0.5100684827244263,18.39,36.19475813267559
0.4287057127580029,18.39,43.53033660402323
0.41280347626215347,18.39,43.60952116556745
0.5039420232858247,18.39,36.636225803065926
0.5027167953319599,18.39,35.81256368605339
0.4834446238185476,18.39,38.382123837740586
0.4899513110574786,18.39,37.041954247627665
0.43641563534736966,18.39,41.11329394856609
0.49060208778454983,18.39,36.9896749502575
0.4379195266664029,18.39,42.80958945661684
0.5079425617416643,18.39,36.608889840126054
0.4118427592496524,18.39,43.06832869629309
0.496218036100623,18.39,36.28150483730109
0.4939661922257814,18.39,37.46021887442401
0.42153688219912366,18.39,44.06839314084144
0.4191816610543613,18.39,42.04262531707813
0.4374113103230954,18.39,41.21026911192786
0.42271250828934853,18.39,43.24125598609505
0.4627333983613435,18.39,40.210706691249605
0.42978563362999705,18.39,42.65975680230369
0.48609244024339776,18.39,37.77178351364107
0.42710924898864794,18.39,41.89339995041805
0.4826728240192771,18.39,37.40961981863921
0.4063548829970576,18.39,44.57889317313573
0.46501449078407886,18.39,38.145756449420674
0.46592865498644137,18.39,38.142601613369955
0.45842372074411725,18.39,39.91276901199513
0.48760802392328245,18.39,37.36337443011421
0.48827082416295353,18.39,37.031516140992665
0.43224568186695556,18.39,42.8588420304007
0.43612459184106206,18.39,40.50824210609605
0.41640425119377233,18.39,43.52057091623906
0.41145824963785255,18.39,43.876249178436765
0.4025885177540709,18.39,44.4586996457474
0.4779122808443999,18.39,37.699142453173366
0.43599400438439684,18.39,42.57806050130368
0.4717438794028649,18.39,38.62214827220516
0.4944689753878451,18.39,36.95856639351049
0.4330276906831046,18.39,42.398834111900776
0.4873155866847438,18.39,37.50912058822186
0.43410731058267377,18.39,41.791306503413026
0.4697546287510822,18.39,39.47683940739601
0.4823466194935719,18.39,37.83635927246986
0.45870173242688617,18.39,39.17390399909572
0.4944319390646824,18.39,37.101188016891896
0.42995038825643483,18.39,42.646364166637944
0.39590807584975074,18.39,44.571025271874475
0.4487363712601181,18.39,39.29648273709542
0.5125615238180197,18.39,36.12278431118548
0.4389051698610917,18.39,40.23138220666755
0.4397935016195957,18.39,41.957653976252786
0.41760824301066096,18.39,43.14751007660771
0.42290167168137194,18.39,41.61246996571989
0.49832840561854647,18.39,36.196021987818085
0.42376862928044867,18.39,42.29565278555643
0.43607538891042363,18.39,40.78837237435525
0.46788302374638846,18.39,37.900088471999226
0.5062946637959032,18.39,36.686216248698315
0.4093848979507612,18.39,44.652982926823974
0.4252421184792182,18.39,41.67466903900003
0.45707679012030844,18.39,40.682946137944455
0.42256612642283936,18.39,43.5359590837491
0.4552048930919432,18.39,41.13351091104897
0.48954458848864846,18.39,37.864991278937346
0.49661517353005413,18.39,36.35664984860812
0.44072331718144125,18.39,41.45754176200322
0.4145066629277545,18.39,42.522913479981334
0.42663586333691744,18.39,44.10022295064921
0.4726618145117539,18.39,37.44651634681354
0.47898437327193855,18.39,38.665374878781286
0.5023923573364211,18.39,37.015688826589745
0.47321908752455066,18.39,39.47285971906215
0.4199975437126019,18.39,44.361245945605596
0.42962279254950364,18.39,42.48520890760438
0.511421506405277,18.39,36.334755259759184
0.5026192991597768,18.39,36.48428357641437
0.4681519254072773,18.39,39.345705420351074
0.49907901254339937,18.39,36.60250505639928
0.4224298772924547,18.39,43.44652412939399
0.44920357124230437,18.39,39.596165309281304
0.42292686684046166,18.39,44.25539206253359
0.45031150420301225,18.39,40.5183323168197
0.4886455146297975,18.39,37.8392837747537
